{
  "Label":"Sample Books",
  "SubLabel":"This data is loaded from a json file::",
  "BookItems":
  [
  {"Title": "A Clockwork Orange",
    "Author": "Anthony Burgess",
      "Genre": "Psychological Fiction",
      "Edition_Years": ["2008","2014"],
      "Book_Image":"resources/pic03.jpg",
      "Detail": {
          "Publisher": "Penguin Modern Classics; Later Printing Edition",
          "Publication_Year": 2000,
          "ISBN":  "0141182601",
          "Language": "English",
          "Pages": 176
      }

    },
    {"Title": "One Flew Over the Cuckoo's Nest",
        "Author": "Kem Kesey",
        "Genre": "Psychological Fiction",
        "Edition_Years": [1983, "1998", "2008","2014"],
        "Book_Image":"resources/banana.jpg",
        "Detail": {
            "Publisher": "Berkley; Reprint edition",
            "Publication_Year": 1963,
            "ISBN": "0451163966",
            "Language": "English",
            "Pages": 272
        }
      }
    ]
  }
